<?xml version="1.0" encoding="UTF-8"?>
<!DOCTYPE hibernate-reverse-engineering PUBLIC "-//Hibernate/Hibernate Reverse Engineering DTD 3.0//EN" "http://hibernate.sourceforge.net/hibernate-reverse-engineering-3.0.dtd" >

<hibernate-reverse-engineering>
	<table name="BUILDING" schema="JJJ">
		<primary-key>
			<generator class="sequence"></generator>
		</primary-key>
	</table>
	<table name="ROOM" schema="JJJ">
		<primary-key>
			<generator class="sequence"></generator>
		</primary-key>
	</table>
	<table name="USERS" schema="JJJ">
		<primary-key>
			<generator class="sequence"></generator>
		</primary-key>
	</table>
	<table name="CHARGE" schema="JJJ">
		<primary-key>
			<generator class="sequence"></generator>
		</primary-key>
	</table>
	<table name="CLEANMANAGE" schema="JJJ">
		<primary-key>
			<generator class="sequence"></generator>
		</primary-key>
	</table>
	<table name="SECURITY" schema="JJJ">
		<primary-key>
			<generator class="sequence"></generator>
		</primary-key>
	</table>
	<table name="COMPLAINT" schema="JJJ">
		<primary-key>
			<generator class="sequence"></generator>
		</primary-key>
	</table>
	<table name="MAINTAIN" schema="JJJ">
		<primary-key>
			<generator class="sequence"></generator>
		</primary-key>
	</table>
	<table name="EQUIPMENT" schema="JJJ">
		<primary-key>
			<generator class="sequence"></generator>
		</primary-key>
	</table>
	<table name="RESIDENT" schema="JJJ">
		<primary-key>
			<generator class="sequence"></generator>
		</primary-key>
	</table>
	<table name="OWER" schema="JJJ">
		<primary-key>
			<generator class="sequence"></generator>
		</primary-key>
	</table>
	<table name="HIRE" schema="JJJ">
		<primary-key>
			<generator class="sequence"></generator>
		</primary-key>
	</table>
<table name="MAINTAINMAN" schema="JJJ">
	<primary-key>
		<generator class="sequence"></generator>
	</primary-key>
</table>
</hibernate-reverse-engineering>